time_s,miss_maneuver_m,miss_heading_m
1e-05,0,0
0.01001,0.00367481999309534,2.36992970542491
0.0200099999999999,0.0137474188401445,4.27809992677424
0.0300099999999999,0.0289184648416829,5.78037880663842
0.0400100000000001,0.0480485861827713,6.92753036551685
0.0500100000000004,0.0701430506372597,7.76535401417893
0.0600100000000007,0.0943374694114166,8.33507812892891
0.070010000000001,0.119884678025667,8.67374587025716
0.0800100000000013,0.146142738709002,8.81457674714012
0.0900100000000015,0.172563987135345,8.78730180123376
0.100010000000002,0.198685045118288,8.61847308542078
0.110010000000002,0.224117724216502,8.33174883469352
0.120010000000002,0.248540749732516,7.94815590738359
0.130010000000002,0.27169223935004,7.48633107986787
0.140010000000001,0.29336287532322,6.96274272009058
0.15001,0.313389713585718,6.39189428439042
0.160009999999999,0.331650577346409,5.78651099404931
0.170009999999998,0.348058986671569,5.15771095946977
0.180009999999996,0.362559579224606,4.51516193397038
0.190009999999995,0.375123980753741,3.86722479720915
0.200009999999994,0.385747087098197,3.2210847907528
0.210009999999993,0.394443722438382,2.5828714554588
0.220009999999992,0.401245641258901,1.95776815208227
0.230009999999991,0.406198844038742,1.35011198271053
0.24000999999999,0.409361179043628,0.763484871066552
0.250009999999989,0.41080020478366,0.200796504185985
0.260009999999988,0.410591289726864,-0.335640213769329
0.270009999999987,0.408815927736944,-0.844040592972543
0.280009999999985,0.405560249441955,-1.32308591690836
0.290009999999984,0.40091371134935,-1.77186701280323
0.300009999999983,0.394967946011048,-2.18983315621648
0.310009999999982,0.387815757918284,-2.5767458685325
0.320009999999981,0.37955025107799,-2.93263719957238
0.33000999999998,0.370264075397668,-3.25777211863747
0.340009999999979,0.360048780091128,-3.55261466616858
0.350009999999978,0.348994263319449,-3.81779754500242
0.360009999999977,0.337188308206086,-4.05409485507328
0.370009999999976,0.324716196217843,-4.26239769847433
0.380009999999974,0.311660389689597,-4.44369240318291
0.390009999999973,0.298100275995051,-4.59904113358356
0.400009999999972,0.28411196653299,-4.72956467429882
0.410009999999971,0.269768144312662,-4.83642719086161
0.42000999999997,0.255137954486884,-4.92082278652972
0.430009999999969,0.240286932701039,-4.98396368913836
0.440009999999968,0.225276966603538,-5.02706991539523
0.450009999999967,0.210166286301776,-5.05136027251852
0.460009999999966,0.195009479950062,-5.05804456867508
0.470009999999965,0.179857531025095,-5.04831691435841
0.480009999999963,0.164757874182894,-5.02335000671778
0.490009999999962,0.149754466900957,-4.98429029796754
0.500009999999961,0.13488787439302,-4.93225395742393
0.51000999999996,0.120195365543137,-4.8683235444857
0.520009999999959,0.105711017842798,-4.79354531704123
0.530009999999958,0.0914658295311083,-4.70892710639249
0.540009999999957,0.0774878373354055,-4.6154366958754
0.550009999999956,0.0638022383894605,-4.51400064596512
0.560009999999955,0.0504315150700889,-4.40550351381825
0.570009999999954,0.0373955616417821,-4.29078741995521
0.580009999999953,0.0247118117341256,-4.17065191915518
0.590009999999951,0.0123953657993437,-4.04585413665097
0.60000999999995,0.000459117808356979,-3.91710913439998
0.610009999999949,-0.0110861194558185,-3.7850904755919
0.620009999999948,-0.0222314910577778,-3.65043095865952
0.630009999999947,-0.0329699789911783,-3.51372349490508
0.640009999999946,-0.0432962840769385,-3.37552210646157
0.650009999999945,-0.0532067110070255,-3.23634302369494
0.660009999999944,-0.06269905680336,-3.09666586333442
0.670009999999943,-0.0717725029083028,-2.95693487061296
0.680009999999941,-0.0804275110758439,-2.81756021051896
0.69000999999994,-0.0886657231904757,-2.67891929492115
0.700009999999939,-0.0964898651033538,-2.54135813384034
0.710009999999938,-0.10390365454229,-2.40519270051877
0.720009999999937,-0.110911713123001,-2.27071030118854
0.730009999999936,-0.117519482463504,-2.13817094157742
0.740009999999935,-0.12373314438123,-2.00780868322038
0.750009999999934,-0.129559545133099,-1.87983298357824
0.760009999999933,-0.135006123642079,-1.75443001480885
0.770009999999932,-0.140080843639465,-1.63176395679776
0.78000999999993,-0.144792129640021,-1.51197826074199
0.790009999999929,-0.149148806656903,-1.39519688019813
0.800009999999928,-0.153160043554923,-1.28152546706058
0.810009999999927,-0.156835299933857,-1.17105253043248
0.820009999999926,-0.160184276428039,-1.06385055679593
0.830009999999925,-0.163216868304376,-0.959977090283773
0.840009999999924,-0.165943122237799,-0.859475772207036
0.850009999999923,-0.168373196141152,-0.76237733930376
0.860009999999922,-0.170517321925323,-0.668700580449979
0.870009999999921,-0.172385771065005,-0.578453251815472
0.880009999999919,-0.173988822845778,-0.49163295065855
0.890009999999918,-0.175336735169026,-0.408227948138371
0.900009999999917,-0.176439717792621,-0.328217981682634
0.910009999999916,-0.177307907887104,-0.251575007585428
0.920009999999915,-0.177951347789307,-0.1782639146266
0.930009999999914,-0.178379964837881,-0.108243199602281
0.940009999999913,-0.17860355317798,-0.0414656057379878
0.950009999999912,-0.178631757425391,0.0221212749773306
0.960009999999911,-0.178474058083567,0.0825744344442329
0.97000999999991,-0.178139758610371,0.139954914958899
0.980009999999908,-0.177637974034805,0.194327308407399
0.990009999999907,-0.176977621027485,0.245759286961375
1.00000999999991,-0.176167409332246,0.294321164075006
1.01000999999991,-0.175215834469841,0.340085484577176
1.0200099999999,-0.174131171628324,0.383126642653262
1.0300099999999,-0.172921470658307,0.42352052651723
1.0400099999999,-0.171594552094877,0.461344188585905
1.0500099999999,-0.17015800413147,0.496675539982825
1.0600099999999,-0.168619180474524,0.529593068218277
1.0700099999999,-0.166985199011114,0.560175576914525
1.0800099999999,-0.165262941225165,0.588501946470273
1.0900099999999,-0.163459052301085,0.614650914585701
1.1000099999999,-0.161579941856879,0.638700875598501
1.11000999999989,-0.159631785251862,0.660729697611955
1.12000999999989,-0.157620525417155,0.680814556427794
1.13000999999989,-0.155551875160002,0.69903178532919
1.14000999999989,-0.153431319895794,0.715456739792455
1.15000999999989,-0.151264120764391,0.730163676239576
1.16000999999989,-0.149055318089928,0.743225643977524
1.17000999999989,-0.146809735145825,0.754714389504019
1.18000999999989,-0.144531982189113,0.764700272393088
1.19000999999989,-0.142226460730494,0.773252192007076
1.20000999999988,-0.139897368008779,0.780437524314713
1.21000999999988,-0.137548701640442,0.786322068127266
1.22000999999988,-0.135184264417049,0.790970000096655
1.23000999999988,-0.132807669225244,0.794443837850558
1.24000999999988,-0.130422344065792,0.796804410670003
1.25000999999988,-0.128031537149927,0.798110837144566
1.26000999999988,-0.125638322052901,0.798420509269168
1.27000999999988,-0.123245602906184,0.797789082474416
1.28000999999988,-0.120856119611268,0.796270471109555
1.29000999999987,-0.118472453059402,0.793916848923283
1.30000999999987,-0.116097030342942,0.790778654112986
1.31000999999987,-0.113732129945219,0.786904598537305
1.32000999999987,-0.111379886897034,0.782341680710431
1.33000999999987,-0.109042297888983,0.777135202219012
1.34000999999987,-0.106721226329864,0.771328787224244
1.35000999999987,-0.104418407342386,0.764964404732377
1.36000999999987,-0.10213545268836,0.758082393336767
1.37000999999987,-0.0998738556163463,0.750721488153506
1.38000999999986,-0.0976349956256059,0.742918849690823
1.39000999999986,-0.0954201431409158,0.734710094409674
1.40000999999986,-0.0932304640935177,0.726129326749406
1.41000999999986,-0.0910670244041352,0.717209172408043
1.42000999999986,-0.0889307943645902,0.707980812681585
1.43000999999986,-0.0868226529151219,0.69847401968088
1.44000999999986,-0.0847433918150304,0.688717192257989
1.45000999999986,-0.082693719704757,0.67873739248669
1.46000999999986,-0.0806742660579557,0.66856038255375
1.47000999999985,-0.0786855850225251,0.658210661928991
1.48000999999985,-0.0767281591499509,0.647711504692871
1.49000999999985,-0.074802403012654,0.637084996910441
1.50000999999985,-0.0729086667093615,0.626352073950084
1.51000999999985,-0.0710472392588057,0.615532557654413
1.52000999999985,-0.0692183518823232,0.60464519327915
1.53000999999985,-0.0674221811761657,0.593707686123762
1.54000999999985,-0.0656588521745519,0.58273673778506
1.55000999999985,-0.0639284413046835,0.571748081971937
1.56000999999984,-0.0622309792351275,0.560756519825989
1.57000999999984,-0.0605664536191195,0.549775954698828
1.58000999999984,-0.0589348117344845,0.538819426342632
1.59000999999984,-0.0573359630219907,0.527899144475791
1.60000999999984,-0.055769781524063,0.517026521690437
1.61000999999984,-0.0542361082258713,0.5062122056733
1.62000999999984,-0.0527347533008894,0.495466110715564
1.63000999999984,-0.0512654982630891,0.484797448491404
1.64000999999984,-0.0498280980279853,0.474214758088527
1.65000999999983,-0.0484222828847963,0.463725935277453
1.66000999999983,-0.0470477603820184,0.453338261009403
1.67000999999983,-0.0457042171287357,0.443058429135528
1.68000999999983,-0.0443913205140104,0.432892573342882
1.69000999999983,-0.0431087203467023,0.422846293304949
1.70000999999983,-0.0418560504180754,0.412924680046779
1.71000999999983,-0.0406329299895404,0.403132340526778
1.72000999999983,-0.0394389652078789,0.393473421439076
1.73000999999983,-0.038273750450275,0.383951632242032
1.74000999999982,-0.0371368696014664,0.374570267419971
1.75000999999982,-0.0360278972652994,0.365332227986583
1.76000999999982,-0.0349463999129473,0.356240042239643
1.77000999999982,-0.033891936970022,0.347295885777776
1.78000999999982,-0.0328640618447715,0.338501600790991
1.79000999999982,-0.0318623228995234,0.329858714637491
1.80000999999982,-0.0308862643674937,0.321368457720074
1.81000999999982,-0.0299354272170394,0.313031780676015
1.82000999999982,-0.0290093499653921,0.304849370894921
1.83000999999981,-0.0281075694438641,0.296821668379463
1.84000999999981,-0.0272296215164748,0.288948880964323
1.85000999999981,-0.0263750417538972,0.281230998908948
1.86000999999981,-0.025543366064578,0.273667808879997
1.87000999999981,-0.0247341312848379,0.2662589073395
1.88000999999981,-0.023946875729708,0.259003713354919
1.89000999999981,-0.0231811397062111,0.251901480847326
1.90000999999981,-0.0224364659907493,0.244951310293959
1.91000999999981,-0.0217124002722075,0.23815215990141
1.92000999999981,-0.0210084915623364,0.231502856265601
1.9300099999998,-0.0203242925749286,0.225002104534633
1.9400099999998,-0.0196593600752554,0.218648498090473
1.9500099999998,-0.0190132552011813,0.212440527765253
1.9600099999998,-0.0183855437573289,0.206376590607799
1.9700099999998,-0.0177757964836196,0.200454998215785
1.9800099999998,-0.0171835892994684,0.194673984648687
1.9900099999998,-0.0166085035248674,0.189031713936448
2.0000099999998,-0.016050126079549,0.183526287198526
2.01000999999982,-0.0155080496613735,0.178155749387694
2.02000999999984,-0.0149818729050455,0.172918095672683
2.03000999999986,-0.014471200522221,0.167811277473468
2.04000999999988,-0.013975643424027,0.162833208162658
2.0500099999999,-0.0134948188269727,0.157981768446169
2.06000999999992,-0.0130283503431966,0.153254811436018
2.07000999999994,-0.0125758680559521,0.148650167427755
2.08000999999997,-0.012137008581199,0.144165648394709
2.09000999999999,-0.0117114151161329,0.139799052210924
2.10001000000001,-0.0112987374754469,0.135548166614287
2.11001000000003,-0.0108986321160886,0.131410772921057
2.12001000000005,-0.0105107621512412,0.12738464950264
2.13001000000007,-0.010134797354225,0.123467575035156
2.14001000000009,-0.00977041415298609,0.119657331531978
2.15001000000011,-0.00941729561580624,0.115951707169148
2.16001000000013,-0.00907513142884239,0.112348498913209
2.17001000000015,-0.00874361786607274,0.108845514960695
2.18001000000018,-0.00842245775220122,0.10544057699821
2.1900100000002,-0.0081113604190449,0.102131522291716
2.20001000000022,-0.00781004165590394,0.0989162056133435
2.21001000000024,-0.007518223654389,0.0957925010137426
2.22001000000026,-0.0072356349481574,0.0927583034477074
2.23001000000028,-0.00696201034798679,0.0898115302605134
2.2400100000003,-0.00669709087259289,0.0869501225421301
2.25001000000032,-0.00644062367557727,0.0841720463562018
2.26001000000034,-0.00619236196887014,0.081475293850418
2.27001000000037,-0.0059520649430146,0.0788578842546383
2.28001000000039,-0.00571949768461923,0.0763178647728817
2.29001000000041,-0.00549443109128852,0.0738533113750444
2.30001000000043,-0.00527664178432317,0.0714623294939701
2.31001000000045,-0.00506591201946599,0.0691430546332629
2.32001000000047,-0.00486202959595284,0.0668936528910078
2.33001000000049,-0.00466478776411366,0.0647123214043418
2.34001000000051,-0.00447398513175338,0.0625972887196089
2.35001000000053,-0.00428942556952908,0.0605468150926216
2.36001000000056,-0.00411091811552645,0.0585591927233544
2.37001000000058,-0.0039382768792257,0.0566327459292012
2.3800100000006,-0.00377132094503537,0.0547658312607387
2.39001000000062,-0.00360987427556038,0.052956837563761
2.40001000000064,-0.00345376561476033,0.0512041859911715
2.41001000000066,-0.00330282839114293,0.0495063299681539
2.42001000000068,-0.0031569006211277,0.0478617551138778
2.4300100000007,-0.00301582481270584,0.0462689791228398
2.44001000000072,-0.00287944786951237,0.0447265516087887
2.45001000000075,-0.00274762099541888,0.0432330539140394
2.46001000000077,-0.0026201995997463,0.0417870988868381
2.47001000000079,-0.00249704320318993,0.0403873306293073
2.48001000000081,-0.00237801534454094,0.0390324242183721
2.49001000000083,-0.00226298348828233,0.03772108540194
2.50001000000085,-0.0021518189331298,0.0364520502724915
2.51001000000087,-0.00204439672158262,0.0352240849201219
2.52001000000089,-0.00194059555054279,0.0340359850669655
2.53001000000091,-0.00184029768305578,0.0328865756848259
2.54001000000094,-0.00174338886122052,0.0317747105977392
2.55001000000096,-0.00164975822031128,0.0306992720710956
2.56001000000098,-0.00155929820414951,0.0296591703888552
2.570010000001,-0.00147190448175909,0.0286533434203038
2.58001000000102,-0.00138747586533426,0.0276807561777102
2.59001000000104,-0.00130591422954562,0.0267404003661653
2.60001000000106,-0.0012271244322058,0.0258312939268065
2.61001000000108,-0.00115101423631289,0.0249524805745548
2.6200100000011,-0.00107749423348647,0.024103029331426
2.63001000000113,-0.0010064777688081,0.0232820340564037
2.64001000000115,-0.000937880867075059,0.0224886129728043
2.65001000000117,-0.000871622160473545,0.0217219081939986
2.66001000000119,-0.000807622817675154,0.0209810852482975
2.67001000000121,-0.000745806474357861,0.0202653326037558
2.68001000000123,-0.000686099165150766,0.0195738611935922
2.69001000000125,-0.000628429256999759,0.0189059039428773
2.70001000000127,-0.000572727383949372,0.0182607152970895
2.71001000000129,-0.00051892638333439,0.0176375707530985
2.72001000000132,-0.000466961233373151,0.0170357663930885
2.73001000000134,-0.000416768992153015,0.0164546184218966
2.74001000000136,-0.000368288737997082,0.0158934627081995
2.75001000000138,-0.000321461511200044,0.0153516543299502
2.7600100000014,-0.000276230257119849,0.0148285671244253
2.77001000000142,-0.000232539770610875,0.014323593243218
2.78001000000144,-0.000190336641783305,0.0138361427124752
2.79001000000146,-0.000149569203072594,0.0133656429986507
2.80001000000148,-0.000110187477602102,0.0129115385800205
2.81001000000151,-7.21431288212901e-05,0.0124732905241752
2.82001000000153,-3.53894114012737e-05,0.0120503760716867
2.83001000000155,1.18876631051027e-07,0.0116422882261176
2.84001000000157,3.44254405395377e-05,0.0112485353505236
2.85001000000159,6.7572534325647e-05,0.0108686407705779
2.86001000000161,9.96010049956477e-05,0.0105021423844269
2.87001000000163,0.000130550335668483,0.0101485922793695
2.88001000000165,0.000160458687544873,0.00980755635543553
2.89001000000167,0.000189362940758435,0.00947861395592176
2.9000100000017,0.00021729873412973,0.00916135750493212
2.91001000000172,0.000244300503844314,0.00885539215195158
2.92001000000174,0.000270401521075874,0.00856033542347337
2.93001000000176,0.000295633928575632,0.00827581688168566
2.94001000000178,0.000320028776249167,0.00800147779021338
2.9500100000018,0.000343616055741777,0.00773697078690062
2.96001000000182,0.000366424734053464,0.00748195956360934
2.97001000000184,0.000388482786204527,0.00723611855300165
2.98001000000186,0.000409817226972621,0.00699913262226459
2.99001000000189,0.000430454141722057,0.00677069677372913
3.00001000000191,0.000450418716345888,0.00655051585232794
3.01001000000193,0.000469735266341223,0.00633830425983066
3.02001000000195,0.000488427265037974,0.00613378567578929
3.03001000000197,0.000506517371001037,0.00593669278512126
3.04001000000199,0.000524027454625709,0.00574676701225321
3.05001000000201,0.000540978623945864,0.00556375826174389
3.06001000000203,0.000557391249674209,0.00538742466530098
3.07001000000205,0.000573284989493626,0.0052175323351033
3.08001000000208,0.000588678811618398,0.00505385512333654
3.0900100000021,0.00060359101764377,0.00489617438784819
3.10001000000212,0.000618039264702077,0.00474427876382493
3.11001000000214,0.000632040586943319,0.00459796394139383
3.12001000000216,0.000645611416357807,0.00445703244904663
3.13001000000218,0.000658767602958174,0.00432129344278536
3.1400100000022,0.000671524434337753,0.00419056250088614
3.15001000000222,0.000683896654622005,0.00406466142417694
3.16001000000224,0.000695898482829374,0.00394341804172464
3.17001000000227,0.00070754363065762,0.00382666602182604
3.18001000000229,0.000718845319711375,0.00371424468819711
3.19001000000231,0.000729816298186348,0.00360599884125486
3.20001000000233,0.00074046885702528,0.00350177858438599
3.21001000000235,0.000750814845560457,0.00340143915509692
3.22001000000237,0.000760865686657224,0.00330484076093991
3.23001000000239,0.000770632391372703,0.00321184842011075
3.24001000000241,0.000780125573143519,0.00312233180661381
3.25001000000243,0.000789355461516106,0.00303616509989111
3.26001000000246,0.000798331915432801,0.00295322683881304
3.27001000000248,0.000807064436086656,0.00287339977992884
3.2800100000025,0.00081556217935758,0.00279657075987659
3.29001000000252,0.000823833967842142,0.00272263056185286
3.30001000000254,0.000831888302489047,0.00265147378604402
3.31001000000256,0.000839733373852013,0.00258299872392181
3.32001000000258,0.000847377072971506,0.00251710723630751
3.3300100000026,0.000854827001896463,0.00245370463511018
3.34001000000262,0.000862090483856904,0.00239269956864587
3.35001000000265,0.000869174573098003,0.00233400391044612
3.36001000000267,0.000876086064385965,0.00227753265146552
3.37001000000269,0.000882831502195756,0.00222320379559967
3.38001000000271,0.000889417189590466,0.0021709382584262
3.39001000000273,0.000895849196801867,0.00212065976908337
3.40001000000275,0.000902133369521417,0.00207229477520198
3.41001000000277,0.000908275336910756,0.00202577235080818
3.42001000000279,0.000914280519340468,0.00198102410711608
3.43001000000281,0.00092015413586566,0.00193798410613098
3.44001000000284,0.000925901211446662,0.00189658877698529
3.45001000000286,0.000931526583922929,0.00185677683493109
3.46001000000288,0.000937034910747988,0.00181848920291467
3.4700100000029,0.000942430675493077,0.00178166893566007
3.48001000000292,0.000947718194126865,0.00174626114619031
3.49001000000294,0.000952901621078485,0.00171221293471641
3.50001000000296,0.00095798495509085,0.00167947331982592
3.51001000000298,0.00096297204487106,0.00164799317190434
3.520010000003,0.000967866594544483,0.00161772514872434
3.53001000000303,0.000972672168918934,0.00158862363313892
3.54001000000305,0.000977392198565138,0.00156064467281668
3.55001000000307,0.00098202998471953,0.00153374592195849
3.56001000000309,0.000986588704015229,0.00150788658493636
3.57001000000311,0.000991071413046868,0.00148302736179692
3.58001000000313,0.000995481052774786,0.00145913039557338
3.59001000000315,0.000999820452773916,0.00143615922135096
3.60001000000317,0.00100409233533254,0.00141407871703254
3.61001000000319,0.00100829931940597,0.00139285505575254
3.62001000000321,0.0010124439244299,0.00137245565988817
3.63001000000324,0.00101652857399837,0.00135284915661897
3.64001000000326,0.00102055559941062,0.00133400533498638
3.65001000000328,0.00102452724309152,0.00131589510440679
3.6600100000033,0.00102844566188971,0.00129849045459245
3.67001000000332,0.00103231293025764,0.00128176441683613
3.68001000000334,0.00103613104331758,0.0012656910266164
3.69001000000336,0.00103990191981742,0.00125024528748179
3.70001000000338,0.00104362740498009,0.00123540313617301
3.7100100000034,0.00104730927325022,0.00122114140894399
3.72001000000343,0.00105094923094162,0.00120743780904298
3.73001000000345,0.00105454891878895,0.0011942708753167
3.74001000000347,0.00105810991440688,0.00118161995190108
3.75001000000349,0.00106163373466003,0.00116946515896357
3.76001000000351,0.0010651218379467,0.00115778736446264
3.77001000000353,0.00106857562639945,0.00114656815689155
3.78001000000355,0.00107199644800541,0.00113578981897388
3.79001000000357,0.00107538559864906,0.00112543530227989
3.80001000000359,0.00107874432408038,0.00111548820273306
3.81001000000362,0.00108207382181076,0.0011059327369777
3.82001000000364,0.00108537524293937,0.00109675371957889
3.83001000000366,0.0010886496939124,0.00108793654102709
3.84001000000368,0.00109189823821755,0.00107946714652075
3.8500100000037,0.00109512189801596,0.00107133201550065
3.86001000000372,0.00109832165571402,0.00106351814191104
3.87001000000374,0.00110149845547696,0.00105601301516287
3.88001000000376,0.00110465320468647,0.00104880460177561
3.89001000000378,0.0011077867753442,0.00104188132767463
3.90001000000381,0.0011109000054232,0.00103523206112194
3.91001000000383,0.00111399370016914,0.00102884609625869
3.92001000000385,0.00111706863335297,0.00102271313723868
3.93001000000387,0.00112012554847705,0.00101682328293258
3.94001000000389,0.00112316515993609,0.00101116701218336
3.95001000000391,0.00112618815413478,0.00100573516959397
3.96001000000393,0.00112919519056361,0.00100051895182896
3.97001000000395,0.0011321869028343,0.000995509894412287
3.98001000000397,0.00113516389967644,0.000990699859004092
3.990010000004,0.00113812676589666,0.000986081021139971
4.00001000000402,0.00114107606330171,0.000981645858416508
4.01001000000399,0.0011440123315868,0.000977387139107605
4.02001000000397,0.0011469360891904,0.000973297911196556
4.03001000000395,0.00114984783411684,0.000969371491809303
4.04001000000392,0.00115274804472772,0.000965601457034806
4.0500100000039,0.00115563718050345,0.000961981632118926
4.06001000000388,0.00115851568277588,0.000958506082018658
4.07001000000385,0.00116138397543319,0.000955169102304007
4.08001000000383,0.00116424246559798,0.000951965210395192
4.09001000000381,0.00116709154427957,0.000948889137123317
4.10001000000378,0.00116993158700148,0.000945935818603003
4.11001000000376,0.00117276295440505,0.000943100388405896
4.12001000000374,0.00117558599282995,0.000940378170024318
4.13001000000371,0.00117840103487257,0.000937764669614696
4.14001000000369,0.00118120839992309,0.000935255569010761
4.15001000000367,0.00118400839468192,0.000932846718996849
4.16001000000364,0.00118680131365642,0.000930534132831956
4.17001000000362,0.00118958743963854,0.000928313980015518
4.1800100000036,0.00119236704416415,0.000926182580286227
4.19001000000357,0.00119514038795469,0.000924136397845434
4.20001000000355,0.00119790772134183,0.000922172035797047
4.21001000000353,0.0012006692846758,0.000920286230796055
4.2200100000035,0.00120342530871798,0.000918475847898124
4.23001000000348,0.00120617601501829,0.000916737875602934
4.24001000000346,0.00120892161627812,0.000915069421084227
4.25001000000343,0.00121166231669907,0.000913467705599731
4.26001000000341,0.00121439831231834,0.000911930060074406
4.27001000000339,0.00121712979133104,0.000910453920850649
4.28001000000336,0.00121985693440006,0.000909036825599369
4.29001000000334,0.00122257991495385,0.000907676409385992
4.30001000000332,0.00122529889947272,0.000906370400885728
4.31001000000329,0.00122801404776391,0.00090511661874258
4.32001000000327,0.00123072551322605,0.000903912968066821
4.33001000000325,0.00123343344310328,0.000902757437065795
4.34001000000322,0.00123613797872941,0.000901648093803137
4.3500100000032,0.00123883925576266,0.000900583083081639
4.36001000000318,0.00124153740441116,0.000899560623445179
4.37001000000315,0.00124423254964966,0.000898579004295298
4.38001000000313,0.00124692481142773,0.00089763658311815
4.39001000000311,0.00124961430486987,0.000896731782817717
4.40001000000308,0.00125230114046773,0.000895863089151325
4.41001000000306,0.00125498542426482,0.000895029048263648
4.42001000000304,0.00125766725803391,0.0008942282643155
4.43001000000301,0.00126034673944758,0.000893459397203882
4.44001000000299,0.00126302396224194,0.000892721160369846
4.45001000000297,0.00126569901637396,0.000892012318690896
4.46001000000294,0.00126837198817265,0.000891331686454727
4.47001000000292,0.00127104296048417,0.000890678125411267
4.4800100000029,0.00127371201281136,0.000890050542900035
4.49001000000287,0.00127637922144763,0.000889447890050013
4.50001000000285,0.00127904465960563,0.000888869160049254
4.51001000000283,0.00128170839754084,0.000888313386481619
4.5200100000028,0.00128437050267026,0.000887779641728076
4.53001000000278,0.00128703103968634,0.000887267035430129
4.54001000000276,0.00128969007066651,0.000886774713013016
4.55001000000274,0.00129234765517828,0.000886301854266387
4.56001000000271,0.00129500385038019,0.000885847671980307
4.57001000000269,0.00129765871111879,0.000885411410634441
4.58001000000267,0.00130031229002168,0.000884992345138417
4.59001000000264,0.00130296463758697,0.000884589779621402
4.60001000000262,0.00130561580226908,0.000884203046269015
4.6100100000026,0.00130826583056113,0.000883831504205761
4.62001000000257,0.00131091476707416,0.000883474538421242
4.63001000000255,0.00131356265461301,0.000883131558738472
4.64001000000253,0.00131620953424936,0.000882801998822674
4.6500100000025,0.00131885544539169,0.000882485315229002
4.66001000000248,0.00132150042585256,0.000882180986487696
4.67001000000246,0.00132414451191314,0.000881888512225227
4.68001000000243,0.00132678773838521,0.000881607412320038
4.69001000000241,0.00132943013867058,0.000881337226091553
4.70001000000239,0.00133207174481827,0.000881077511521171
4.71001000000236,0.00133471258757926,0.000880827844503995
4.72001000000234,0.00133735269645916,0.000880587818130125
4.73001000000232,0.00133999209976866,0.000880357041994348
4.74001000000229,0.00134263082467204,0.000880135141533149
4.75001000000227,0.00134526889723371,0.000879921757387958
4.76001000000225,0.00134790634246283,0.00087971654479363
4.77001000000222,0.00135054318435619,0.000879519172991167
4.7800100000022,0.00135317944593936,0.000879329324663743
4.79001000000218,0.00135581514930612,0.000879146695395131
4.80001000000215,0.00135845031565642,0.000878970993149636
4.81001000000213,0.00136108496533269,0.000878801937772722
4.82001000000211,0.00136371911785471,0.000878639260511503
4.83001000000208,0.00136635279195319,0.000878482703554339
4.84001000000206,0.00136898600560177,0.000878332019588763
4.85001000000204,0.00137161877604797,0.000878186971377059
4.86001000000201,0.00137425111984272,0.000878047331348758
4.87001000000199,0.00137688305286874,0.000877912881209425
4.88001000000197,0.00137951459036782,0.000877783411565063
4.89001000000194,0.00138214574696691,0.000877658721561553
4.90001000000192,0.00138477653670325,0.000877538618538509
4.9100100000019,0.00138740697304839,0.000877422917697001
4.92001000000187,0.00139003706893128,0.000877311441780592
4.93001000000185,0.00139266683676044,0.00087720402076916
4.94001000000183,0.00139529628844519,0.000877100491585012
4.9500100000018,0.00139792543541605,0.000877000697810785
4.96001000000178,0.00140055428864427,0.000876904489418695
4.97001000000176,0.00140318285866063,0.000876811722510656
4.98001000000173,0.00140581115557341,0.000876722259068863
4.99001000000171,0.00140843918908566,0.000876635966716405
5.00001000000169,0.00141106696851179,0.000876552718487528
5.01001000000166,0.00141369450279341,0.000876472392607151
5.02001000000164,0.00141632180051461,0.000876394872279268
5.03001000000162,0.00141894886991658,0.000876320045483901
5.04001000000159,0.00142157571891159,0.000876247804782234
5.05001000000157,0.0014242023550965,0.000876178047129634
5.06001000000155,0.00142682878576561,0.000876110673696215
5.07001000000152,0.00142945501792308,0.000876045589694671
5.0800100000015,0.00143208105829476,0.00087598270421507
5.09001000000148,0.0014347069133396,0.000875921930066333
5.10001000000145,0.00143733258926055,0.000875863183624142
5.11001000000143,0.00143995809201504,0.000875806384685014
5.12001000000141,0.00144258342732505,0.000875751456326281
5.13001000000138,0.00144520860068667,0.000875698324771767
5.14001000000136,0.00144783361737944,0.000875646919262907
5.15001000000134,0.00145045848247511,0.000875597171935108
5.16001000000131,0.0014530832008462,0.000875549017699132
5.17001000000129,0.00145570777717413,0.000875502394127301
5.18001000000127,0.00145833221595701,0.000875457241344338
5.19001000000124,0.00146095652151719,0.000875413501922643
5.20001000000122,0.00146358069800839,0.000875371120781844
5.2100100000012,0.0014662047494226,0.000875330045092429
5.22001000000117,0.00146882867959673,0.00087529022418332
5.23001000000115,0.0014714524922189,0.000875251609453203
5.24001000000113,0.00147407619083452,0.00087521415428549
5.2500100000011,0.00147669977885216,0.000875177813966742
5.26001000000108,0.00147932325954909,0.000875142545608431
5.27001000000106,0.00148194663607663,0.000875108308071896
5.28001000000103,0.00148456991146536,0.000875075061896368
5.29001000000101,0.00148719308862995,0.000875042769229939
5.30001000000099,0.00148981617037397,0.000875011393763356
5.31001000000096,0.00149243915939434,0.000874980900666524
5.32001000000094,0.00149506205828573,0.000874951256527615
5.33001000000092,0.0014976848695447,0.000874922429294665
5.34001000000089,0.0015003075955737,0.000874894388219572
5.35001000000087,0.00150293023868489,0.000874867103804382
5.36001000000085,0.0015055528011038,0.00087484054774979
5.37001000000082,0.00150817528497288,0.000874814692905744
5.3800100000008,0.00151079769235485,0.000874789513224087
5.39001000000078,0.00151342002523594,0.000874764983713137
5.40001000000075,0.00151604228552897,0.00087474108039414
5.41001000000073,0.00151866447507638,0.000874717780259504
5.42001000000071,0.00152128659565302,0.000874695061232761
5.43001000000068,0.00152390864896892,0.000874672902130172
5.44001000000066,0.00152653063667189,0.00087465128262391
5.45001000000064,0.00152915256035006,0.000874630183206762
5.46001000000061,0.00153177442153424,0.000874609585158285
5.47001000000059,0.00153439622170029,0.000874589470512356
5.48001000000057,0.00153701796227128,0.000874569822026057
5.49001000000054,0.00153963964461966,0.000874550623149847
5.50001000000052,0.00154226127006926,0.00087453185799896
5.5100100000005,0.00154488283989725,0.000874513511325992
5.52001000000047,0.00154750435533602,0.000874495568494604
5.53001000000045,0.00155012581757498,0.000874478015454325
5.54001000000043,0.00155274722776224,0.000874460838716392
5.5500100000004,0.00155536858700632,0.000874444025330582
5.56001000000038,0.00155798989637768,0.000874427562863008
5.57001000000036,0.00156061115691025,0.000874411439374833
5.58001000000033,0.0015632323696029,0.000874395643401858
5.59001000000031,0.00156585353542081,0.000874380163934959
5.60001000000029,0.00156847465529683,0.000874364990401337
5.61001000000026,0.00157109573013274,0.000874350112646532
5.62001000000024,0.00157371676080047,0.000874335520917196
5.63001000000022,0.00157633774814332,0.000874321205844566
5.64001000000019,0.00157895869297704,0.000874307158428633
5.65001000000017,0.00158157959609094,0.000874293370022958
5.66001000000015,0.00158420045824893,0.000874279832320123
5.67001000000012,0.0015868212801905,0.000874266537337778
5.6800100000001,0.00158944206263169,0.000874253477405275
5.69001000000008,0.00159206280626598,0.000874240645150851
5.70001000000005,0.0015946835117652,0.000874228033489342
5.71001000000003,0.00159730417978035,0.000874215635610409
5.72001000000001,0.00159992481094241,0.00087420344496725
5.73000999999998,0.00160254540586312,0.000874191455265783
5.74000999999996,0.00160516596513571,0.000874179660454275
5.75000999999994,0.00160778648933563,0.000874168054713406
5.76000999999992,0.00161040697902122,0.000874156632446734
5.77000999999989,0.00161302743473436,0.000874145388271576
5.78000999999987,0.0016156478570011,0.000874134317010244
5.79000999999985,0.00161826824633229,0.000874123413681665
5.80000999999982,0.0016208886032241,0.000874112673493334
5.8100099999998,0.00162350892815862,0.000874102091833612
5.82000999999978,0.00162612922160439,0.000874091664264337
5.83000999999975,0.00162874948401688,0.000874081386513745
5.84000999999973,0.00163136971583901,0.000874071254469684
5.85000999999971,0.00163398991750158,0.000874061264173111
5.86000999999968,0.00163661008942377,0.000874051411811856
5.87000999999966,0.00163923023201353,0.000874041693714651
5.88000999999964,0.001641850345668,0.0008740321063454
5.89000999999961,0.00164447043077395,0.00087402264629769
5.90000999999959,0.0016470904877081,0.000874013310289534
5.91000999999957,0.0016497105168375,0.000874004095158326
5.92000999999954,0.00165233051851992,0.000873994997856007
5.93000999999952,0.00165495049310414,0.000873986015444436
5.9400099999995,0.00165757044093031,0.000873977145090948
5.95000999999947,0.00166019036233021,0.000873968384064099
5.96000999999945,0.00166281025762762,0.000873959729729586
5.97000999999943,0.00166543012713853,0.000873951179546343
5.9800099999994,0.00166804997117146,0.000873942731062786
5.99000999999938,0.00167066979002771,0.000873934381913226
6.00000999999936,0.00167328958400161,0.000873926129814426
6.01000999999933,0.00167590935338078,0.000873917972562301
6.02000999999931,0.00167852909844632,0.000873909908028754
6.03000999999929,0.00168114881947308,0.000873901934158644
6.04000999999926,0.00168376851672985,0.000873894048966882
6.05000999999924,0.00168638819047958,0.000873886250535645
6.06000999999922,0.00168900784097955,0.000873878537011703
6.07000999999919,0.00169162746848159,0.000873870906603863
6.08000999999917,0.00169424707323225,0.000873863357580511
6.09000999999915,0.00169686665547297,0.000873855888267264
6.10000999999912,0.00169948621544027,0.000873848497044714
6.1100099999991,0.00170210575336587,0.000873841182346266
6.12000999999908,0.00170472526947688,0.000873833942656067
6.13000999999905,0.00170734476399596,0.000873826776507018
6.14000999999903,0.00170996423714141,0.000873819682478867
6.15000999999901,0.00171258368912736,0.000873812659196393
6.16000999999898,0.00171520312016387,0.000873805705327641
6.17000999999896,0.0017178225304571,0.00087379881958226
6.18000999999894,0.00172044192020936,0.000873792000709879
6.19000999999891,0.0017230612896193,0.000873785247498575
6.20000999999889,0.00172568063888197,0.000873778558773387
6.21000999999887,0.00172829996818899,0.000873771933394901
6.22000999999884,0.00173091927772857,0.000873765370257891
6.23000999999882,0.00173353856768568,0.000873758868290009
6.2400099999988,0.00173615783824212,0.000873752426450543
6.25000999999877,0.00173877708957662,0.00087374604372921
6.26000999999875,0.00174139632186493,0.000873739719145009
6.27000999999873,0.00174401553527987,0.000873733451745121
6.2800099999987,0.00174663472999149,0.000873727240603844
6.29000999999868,0.00174925390616707,0.000873721084821585
6.30000999999866,0.00175187306397125,0.000873714983523883
6.31000999999863,0.00175449220356608,0.000873708935860478
6.32000999999861,0.00175711132511108,0.000873702941004412
6.33000999999859,0.00175973042876336,0.000873696998151177
6.34000999999856,0.00176234951467763,0.000873691106517882
6.35000999999854,0.00176496858300627,0.00087368526534247
6.36000999999852,0.00176758763389943,0.000873679473882955
6.37000999999849,0.00177020666750505,0.000873673731416696
6.38000999999847,0.00177282568396896,0.000873668037239702
6.39000999999845,0.00177544468343486,0.000873662390665955
6.40000999999842,0.00177806366604445,0.000873656791026772
6.4100099999984,0.00178068263193745,0.000873651237670188
6.42000999999838,0.00178330158125165,0.000873645729960363
6.43000999999835,0.00178592051412294,0.000873640267277014
6.44000999999833,0.00178853943068539,0.000873634849014868
6.45000999999831,0.00179115833107128,0.000873629474583141
6.46000999999828,0.00179377721541113,0.000873624143405032
6.47000999999826,0.00179639608383374,0.000873618854917245
6.48000999999824,0.00179901493646628,0.000873613608569521
6.49000999999821,0.00180163377343424,0.000873608403824197
6.50000999999819,0.00180425259486157,0.000873603240155775
6.51000999999817,0.00180687140087061,0.000873598117050517
6.52000999999814,0.00180949019158221,0.000873593034006044
6.53000999999812,0.00181210896711572,0.000873587990530964
6.5400099999981,0.00181472772758903,0.000873582986144505
6.55000999999807,0.00181734647311862,0.000873578020376167
6.56000999999805,0.00181996520381956,0.000873573092765386
6.57000999999803,0.00182258391980555,0.000873568202861211
6.580009999998,0.00182520262118896,0.000873563350221996
6.59000999999798,0.00182782130808086,0.000873558534415101
6.60000999999796,0.00183043998059102,0.000873553755016606
6.61000999999793,0.00183305863882795,0.000873549011611036
6.62000999999791,0.00183567728289894,0.000873544303791098
6.63000999999789,0.00183829591291007,0.000873539631157423
6.64000999999786,0.00184091452896622,0.000873534993318326
6.65000999999784,0.00184353313117113,0.000873530389889568
6.66000999999782,0.00184615171962736,0.000873525820494131
6.67000999999779,0.0018487702944364,0.000873521284762002
6.68000999999777,0.00185138885569861,0.000873516782329961
6.69000999999775,0.00185400740351328,0.000873512312841381
6.70000999999772,0.00185662593797863,0.000873507875946034
6.7100099999977,0.00185924445919185,0.000873503471299905
6.72000999999768,0.00186186296724912,0.000873499098565012
6.73000999999765,0.00186448146224558,0.000873494757409237
6.74000999999763,0.00186709994427542,0.000873490447506152
6.75000999999761,0.00186971841343184,0.000873486168534866
6.76000999999758,0.00187233686980709,0.000873481920179867
6.77000999999756,0.00187495531349249,0.000873477702130877
6.78000999999754,0.00187757374457841,0.000873473514082704
6.79000999999751,0.00188019216315436,0.000873469355735107
6.80000999999749,0.00188281056930891,0.000873465226792664
6.81000999999747,0.00188542896312977,0.000873461126964642
6.82000999999744,0.0018880473447038,0.000873457055964875
6.83000999999742,0.00189066571411699,0.000873453013511644
6.8400099999974,0.0018932840714545,0.000873448999327562
6.85000999999737,0.00189590241680065,0.000873445013139463
6.86000999999735,0.00189852075023898,0.000873441054678299
6.87000999999733,0.00190113907185219,0.00087343712367903
6.8800099999973,0.00190375738172222,0.000873433219880532
6.89000999999728,0.00190637567993022,0.000873429343025496
6.90000999999726,0.00190899396655658,0.000873425492860338
6.91000999999723,0.00191161224168094,0.000873421669135105
6.92000999999721,0.00191423050538217,0.000873417871603397
6.93000999999719,0.00191684875773845,0.000873414100022274
6.94000999999716,0.00191946699882719,0.000873410354152182
6.95000999999714,0.00192208522872513,0.000873406633756873
6.96000999999712,0.00192470344750827,0.00087340293860333
6.9700099999971,0.00192732165525194,0.000873399268461692
6.98000999999707,0.00192993985203078,0.000873395623105186
6.99000999999705,0.00193255803791874,0.00087339200231006
7.00000999999703,0.00193517621298914,0.000873388405855513
7.010009999997,0.00193779437731459,0.000873384833523634
7.02000999999698,0.0019404125309671,0.000873381285099341
7.03000999999696,0.00194303067401801,0.000873377760370318
7.04000999999693,0.00194564880653805,0.000873374259126961
7.05000999999691,0.00194826692859729,0.00087337078116232
7.06000999999689,0.00195088504026523,0.000873367326272042
7.07000999999686,0.00195350314161072,0.000873363894254326
7.08000999999684,0.00195612123270203,0.000873360484909864
7.09000999999682,0.00195873931360683,0.000873357098041794
7.10000999999679,0.00196135738439222,0.000873353733455656
7.11000999999677,0.00196397544512469,0.000873350390959342
7.12000999999675,0.00196659349587018,0.000873347070363047
7.13000999999672,0.00196921153669406,0.000873343771479235
7.1400099999967,0.00197182956766114,0.000873340494122588
7.15000999999668,0.00197444758883567,0.000873337238109968
7.16000999999665,0.00197706560028138,0.000873334003260377
7.17000999999663,0.00197968360206141,0.000873330789394919
7.18000999999661,0.00198230159423843,0.00087332759633676
7.19000999999658,0.00198491957687454,0.000873324423911091
7.20000999999656,0.00198753755003133,0.000873321271945096
7.21000999999654,0.00199015551376987,0.000873318140267912
7.22000999999651,0.00199277346815073,0.000873315028710602
7.23000999999649,0.00199539141323399,0.000873311937106114
7.24000999999647,0.00199800934907919,0.000873308865289255
7.25000999999644,0.00200062727574541,0.000873305813096658
7.26000999999642,0.00200324519329124,0.000873302780366753
7.2700099999964,0.00200586310177478,0.000873299766939733
7.28000999999637,0.00200848100125367,0.000873296772657532
7.29000999999635,0.00201109889178504,0.00087329379736379
7.30000999999633,0.0020137167734256,0.000873290840903832
7.3100099999963,0.00201633464623158,0.000873287903124638
7.32000999999628,0.00201895251025874,0.000873284983874817
7.33000999999626,0.0020215703655624,0.000873282083004582
7.34000999999623,0.00202418821219745,0.000873279200365725
7.35000999999621,0.00202680605021831,0.000873276335811595
7.36000999999619,0.00202942387967897,0.000873273489197074
7.37000999999616,0.00203204170063301,0.000873270660378549
7.38000999999614,0.00203465951313355,0.000873267849213898
7.39000999999612,0.0020372773172333,0.000873265055562461
7.40000999999609,0.00203989511298456,0.000873262279285022
7.41000999999607,0.0020425129004392,0.000873259520243789
7.42000999999605,0.00204513067964868,0.000873256778302367
7.43000999999602,0.00204774845066406,0.000873254053325749
7.440009999996,0.002050366213536,0.000873251345180288
7.45000999999598,0.00205298396831475,0.000873248653733679
7.46000999999595,0.00205560171505018,0.000873245978854944
7.47000999999593,0.00205821945379176,0.000873243320414408
7.48000999999591,0.00206083718458857,0.000873240678283689
7.49000999999588,0.0020634549074893,0.000873238052335672
7.50000999999586,0.0020660726225423,0.000873235442444498
7.51000999999584,0.00206869032979549,0.000873232848485545
7.52000999999581,0.00207130802929645,0.000873230270335409
7.53000999999579,0.0020739257210924,0.000873227707871893
7.54000999999577,0.00207654340523018,0.000873225160973988
7.55000999999574,0.00207916108175626,0.000873222629521856
7.56000999999572,0.00208177875071677,0.000873220113396819
7.5700099999957,0.00208439641215748,0.000873217612481342
7.58000999999567,0.00208701406612382,0.000873215126659017
7.59000999999565,0.00208963171266084,0.000873212655814552
7.60000999999563,0.00209224935181328,0.000873210199833751
7.6100099999956,0.00209486698362552,0.000873207758603508
7.62000999999558,0.00209748460814163,0.000873205332011788
7.63000999999556,0.0021001022254053,0.000873202919947615
7.64000999999553,0.00210271983545993,0.00087320052230106
7.65000999999551,0.00210533743834857,0.000873198138963227
7.66000999999549,0.00210795503411396,0.00087319576982624
7.67000999999546,0.0021105726227985,0.000873193414783231
7.68000999999544,0.00211319020444428,0.000873191073728331
7.69000999999542,0.00211580777909309,0.000873188746556653
7.70000999999539,0.00211842534678637,0.000873186433164284
7.71000999999537,0.00212104290756529,0.00087318413344827
7.72000999999535,0.00212366046147068,0.000873181847306606
7.73000999999532,0.0021262780085431,0.000873179574638229
7.7400099999953,0.00212889554882277,0.000873177315343001
7.75000999999528,0.00213151308234964,0.000873175069321702
7.76000999999525,0.00213413060916334,0.000873172836476017
7.77000999999523,0.00213674812930324,0.000873170616708526
7.78000999999521,0.00213936564280839,0.000873168409922697
7.79000999999518,0.00214198314971757,0.000873166216022869
7.80000999999516,0.00214460065006925,0.000873164034914251
7.81000999999514,0.00214721814390164,0.000873161866502905
7.82000999999511,0.00214983563125267,0.000873159710695738
7.83000999999509,0.00215245311215998,0.000873157567400495
7.84000999999507,0.00215507058666094,0.000873155436525747
7.85000999999504,0.00215768805479265,0.000873153317980884
7.86000999999502,0.00216030551659193,0.000873151211676103
7.870009999995,0.00216292297209535,0.000873149117522402
7.88000999999497,0.00216554042133919,0.000873147035431568
7.89000999999495,0.00216815786435949,0.000873144965316174
7.90000999999493,0.00217077530119201,0.000873142907089562
7.9100099999949,0.00217339273187227,0.000873140860665842
7.92000999999488,0.00217601015643551,0.00087313882595988
7.93000999999486,0.00217862757491675,0.000873136802887292
7.94000999999483,0.00218124498735072,0.000873134791364434
7.95000999999481,0.00218386239377193,0.000873132791308394
7.96000999999479,0.00218647979421462,0.000873130802636985
7.97000999999476,0.0021890971887128,0.000873128825268739
7.98000999999474,0.00219171457730024,0.000873126859122894
7.99000999999472,0.00219433196001046,0.000873124904119393
8.0000099999947,0.00219694933687673,0.000873122960178873
8.01000999999467,0.0021995667079321,0.000873121027222657
8.02000999999465,0.00220218407320939,0.000873119105172749
8.03000999999463,0.00220480143274117,0.000873117193951825
8.0400099999946,0.00220741878655979,0.000873115293483229
8.05000999999458,0.00221003613469737,0.000873113403690961
8.06000999999456,0.0022126534771858,0.000873111524499676
8.07000999999453,0.00221527081405674,0.000873109655834671
8.08000999999451,0.00221788814534165,0.000873107797621884
8.09000999999449,0.00222050547107173,0.000873105949787884
8.10000999999446,0.002223122791278,0.000873104112259868
8.11000999999444,0.00222574010599124,0.000873102284965648
8.12000999999442,0.00222835741524203,0.000873100467833652
8.13000999999439,0.00223097471906071,0.000873098660792913
8.14000999999437,0.00223359201747744,0.000873096863773066
8.15000999999435,0.00223620931052214,0.000873095076704337
8.16000999999432,0.00223882659822455,0.000873093299517545
8.1700099999943,0.00224144388061419,0.000873091532144088
8.18000999999428,0.00224406115772037,0.000873089774515942
8.19000999999425,0.0022466784295722,0.000873088026565652
8.20000999999423,0.0022492956961986,0.00087308628822633
8.21000999999421,0.00225191295762827,0.000873084559431646
8.22000999999418,0.00225453021388973,0.000873082840115824
8.23000999999416,0.0022571474650113,0.000873081130213637
8.24000999999414,0.0022597647110211,0.000873079429660401
8.25000999999411,0.00226238195194706,0.000873077738391967
8.26000999999409,0.00226499918781691,0.000873076056344719
8.27000999999407,0.00226761641865821,0.000873074383455571
8.28000999999404,0.00227023364449831,0.000873072719661954
8.29000999999402,0.00227285086536439,0.000873071064901819
8.300009999994,0.00227546808128343,0.000873069419113627
8.31000999999397,0.00227808529228224,0.000873067782236345
8.32000999999395,0.00228070249838743,0.000873066154209442
8.33000999999393,0.00228331969962546,0.000873064534972884
8.3400099999939,0.00228593689602258,0.000873062924467128
8.35000999999388,0.00228855408760487,0.000873061322633119
8.36000999999386,0.00229117127439824,0.000873059729412284
8.37000999999383,0.00229378845642843,0.000873058144746526
8.38000999999381,0.00229640563372099,0.000873056568578224
8.39000999999379,0.00229902280630132,0.000873055000850224
8.40000999999376,0.00230163997419462,0.000873053441505833
8.41000999999374,0.00230425713742595,0.000873051890488823
8.42000999999372,0.00230687429602018,0.000873050347743417
8.43000999999369,0.00230949145000203,0.000873048813214291
8.44000999999367,0.00231210859939604,0.000873047286846566
8.45000999999365,0.00231472574422661,0.000873045768585805
8.46000999999362,0.00231734288451794,0.000873044258378011
8.4700099999936,0.00231996002029411,0.000873042756169617
8.48000999999358,0.002322577151579,0.000873041261907491
8.49000999999355,0.00232519427839637,0.000873039775538922
8.50000999999353,0.00232781140076979,0.000873038297011622
8.51000999999351,0.0023304285187227,0.000873036826273722
8.52000999999348,0.00233304563227836,0.000873035363273764
8.53000999999346,0.00233566274145991,0.000873033907960704
8.54000999999344,0.00233827984629029,0.000873032460283899
8.55000999999341,0.00234089694679234,0.000873031020193112
8.56000999999339,0.00234351404298871,0.000873029587638502
8.57000999999337,0.00234613113490193,0.000873028162570623
8.58000999999334,0.00234874822255435,0.000873026744940422
8.59000999999332,0.00235136530596822,0.000873025334699232
8.6000099999933,0.00235398238516559,0.000873023931798768
8.61000999999327,0.00235659946016842,0.000873022536191129
8.62000999999325,0.00235921653099848,0.000873021147828787
8.63000999999323,0.00236183359767743,0.000873019766664589
8.6400099999932,0.00236445066022677,0.000873018392651752
8.65000999999318,0.00236706771866787,0.000873017025743858
8.66000999999316,0.00236968477302197,0.000873015665894854
8.67000999999313,0.00237230182331014,0.000873014313059044
8.68000999999311,0.00237491886955336,0.00087301296719109
8.69000999999309,0.00237753591177243,0.000873011628246008
8.70000999999306,0.00238015294998805,0.000873010296179161
8.71000999999304,0.00238276998422077,0.000873008970946262
8.72000999999302,0.002385387014491,0.000873007652503363
8.73000999999299,0.00238800404081904,0.000873006340806861
8.74000999999297,0.00239062106322504,0.000873005035813488
8.75000999999295,0.00239323808172904,0.00087300373748031
8.76000999999292,0.00239585509635094,0.000873002445764725
8.7700099999929,0.00239847210711051,0.000873001160624459
8.78000999999288,0.00240108911402739,0.000872999882017562
8.79000999999285,0.00240370611712112,0.000872998609902408
8.80000999999283,0.00240632311641109,0.000872997344237689
8.81000999999281,0.00240894011191657,0.000872996084982414
8.82000999999278,0.00241155710365672,0.000872994832095906
8.83000999999276,0.00241417409165056,0.000872993585537799
8.84000999999274,0.00241679107591702,0.000872992345268033
8.85000999999271,0.00241940805647488,0.000872991111246856
8.86000999999269,0.0024220250333428,0.000872989883434816
8.87000999999267,0.00242464200653936,0.000872988661792763
8.88000999999264,0.00242725897608298,0.000872987446281845
8.89000999999262,0.00242987594199199,0.0008729862368635
8.9000099999926,0.00243249290428459,0.000872985033499462
8.91000999999257,0.00243510986297887,0.000872983836151753
8.92000999999255,0.00243772681809281,0.000872982644782681
8.93000999999253,0.00244034376964429,0.000872981459354839
8.9400099999925,0.00244296071765105,0.000872980279831104
8.95000999999248,0.00244557766213073,0.000872979106174626
8.96000999999246,0.00244819460310088,0.000872977938348839
8.97000999999243,0.00245081154057891,0.000872976776317448
8.98000999999241,0.00245342847458214,0.000872975620044427
8.99000999999239,0.00245604540512778,0.000872974469494025
9.00000999999236,0.00245866233223293,0.000872973324630755
9.01000999999234,0.00246127925591459,0.000872972185419393
9.02000999999232,0.00246389617618965,0.000872971051824983
9.03000999999229,0.00246651309307488,0.000872969923812825
9.04000999999227,0.00246913000658699,0.000872968801348477
9.05000999999225,0.00247174691674253,0.000872967684397757
9.06000999999223,0.002474363823558,0.00087296657292673
9.0700099999922,0.00247698072704976,0.000872965466901716
9.08000999999218,0.0024795976272341,0.000872964366289285
9.09000999999216,0.00248221452412719,0.000872963271056251
9.10000999999213,0.0024848314177451,0.000872962181169675
9.11000999999211,0.00248744830810382,0.00087296109659686
9.12000999999209,0.00249006519521922,0.00087296001730535
9.13000999999206,0.00249268207910709,0.000872958943262926
9.14000999999204,0.00249529895978311,0.000872957874437608
9.15000999999202,0.00249791583726287,0.000872956810797648
9.16000999999199,0.00250053271156188,0.000872955752311531
9.17000999999197,0.00250314958269554,0.000872954698947974
9.18000999999195,0.00250576645067915,0.000872953650675921
9.19000999999192,0.00250838331552793,0.000872952607464543
9.2000099999919,0.002511000177257,0.000872951569283234
9.21000999999188,0.00251361703588141,0.000872950536101613
9.22000999999185,0.00251623389141609,0.000872949507889518
9.23000999999183,0.00251885074387589,0.000872948484617009
9.24000999999181,0.00252146759327559,0.000872947466254359
9.25000999999178,0.00252408443962984,0.000872946452772058
9.26000999999176,0.00252670128295324,0.00087294544414081
9.27000999999174,0.00252931812326028,0.000872944440331528
9.28000999999171,0.00253193496056538,0.000872943441315338
9.29000999999169,0.00253455179488287,0.000872942447063573
9.30000999999167,0.00253716862622698,0.000872941457547771
9.31000999999164,0.00253978545461186,0.000872940472739676
9.32000999999162,0.00254240228005159,0.000872939492611233
9.3300099999916,0.00254501910256015,0.00087293851713459
9.34000999999157,0.00254763592215145,0.000872937546282094
9.35000999999155,0.00255025273883931,0.000872936580026289
9.36000999999153,0.00255286955263747,0.000872935618339915
9.3700099999915,0.00255548636355957,0.000872934661195906
9.38000999999148,0.0025581031716192,0.000872933708567391
9.39000999999146,0.00256071997682986,0.000872932760427689
9.40000999999143,0.00256333677920497,0.000872931816750308
9.41000999999141,0.00256595357875785,0.000872930877508943
9.42000999999139,0.00256857037550177,0.000872929942677479
9.43000999999136,0.00257118716944991,0.000872929012229984
9.44000999999134,0.00257380396061538,0.000872928086140708
9.45000999999132,0.00257642074901119,0.000872927164384086
9.46000999999129,0.0025790375346503,0.000872926246934729
9.47000999999127,0.00258165431754558,0.000872925333767432
9.48000999999125,0.00258427109770983,0.000872924424857163
9.49000999999122,0.00258688787515578,0.000872923520179068
9.5000099999912,0.00258950464989608,0.000872922619708469
9.51000999999118,0.00259212142194329,0.000872921723420857
9.52000999999115,0.00259473819130993,0.000872920831291898
9.53000999999113,0.00259735495800843,0.000872919943297428
9.54000999999111,0.00259997172205114,0.000872919059413451
9.55000999999108,0.00260258848345034,0.000872918179616137
9.56000999999106,0.00260520524221826,0.000872917303881826
9.57000999999104,0.00260782199836704,0.000872916432187019
9.58000999999101,0.00261043875190875,0.000872915564508382
9.59000999999099,0.00261305550285541,0.000872914700822743
9.60000999999097,0.00261567225121893,0.000872913841107092
9.61000999999094,0.00261828899701119,0.000872912985338576
9.62000999999092,0.00262090574024399,0.000872912133494501
9.6300099999909,0.00262352248092906,0.000872911285552332
9.64000999999087,0.00262613921907806,0.000872910441489687
9.65000999999085,0.00262875595470258,0.000872909601284338
9.66000999999083,0.00263137268781416,0.000872908764914213
9.6700099999908,0.00263398941842427,0.00087290793235739
9.68000999999078,0.0026366061465443,0.000872907103592096
9.69000999999076,0.00263922287218558,0.000872906278596712
9.70000999999073,0.00264183959535938,0.000872905457349764
9.71000999999071,0.00264445631607691,0.000872904639829924
9.72000999999069,0.0026470730343493,0.000872903826016013
9.73000999999066,0.00264968975018765,0.000872903015886995
9.74000999999064,0.00265230646360295,0.000872902209421979
9.75000999999062,0.00265492317460617,0.000872901406600212
9.76000999999059,0.00265753988320819,0.000872900607401089
9.77000999999057,0.00266015658941984,0.00087289981180414
9.78000999999055,0.0026627732932519,0.000872899019789036
9.79000999999052,0.00266538999471506,0.000872898231335585
9.8000099999905,0.00266800669381998,0.000872897446423735
9.81000999999048,0.00267062339057724,0.000872896665033564
9.82000999999045,0.00267324008499736,0.000872895887145291
9.83000999999043,0.00267585677709082,0.000872895112739263
9.84000999999041,0.00267847346686803,0.000872894341795963
9.85000999999038,0.00268109015433934,0.000872893574296006
9.86000999999036,0.00268370683951503,0.000872892810220135
9.87000999999034,0.00268632352240536,0.000872892049549222
9.88000999999031,0.00268894020302049,0.000872891292264273
9.89000999999029,0.00269155688137055,0.000872890538346414
9.90000999999027,0.0026941735574656,0.000872889787776903
9.91000999999024,0.00269679023131565,0.00087288904053712
9.92000999999022,0.00269940690293066,0.000872888296608572
9.9300099999902,0.00270202357232052,0.000872887555972888
9.94000999999017,0.00270464023949508,0.000872886818611819
9.95000999999015,0.00270725690446413,0.000872886084507239
9.96000999999013,0.00270987356723739,0.000872885353641142
9.9700099999901,0.00271249022782456,0.000872884625995641
9.98000999999008,0.00271510688623526,0.000872883901552969
9.99000999999006,0.00271772354247907,0.000872883180295477
10.00000999999,0.0027203401965655,0.000872882462205631
